﻿<?xml version="1.0" encoding="utf-8"?>
<Elements xmlns="http://schemas.microsoft.com/sharepoint/">
  <ListInstance Title="Genres"
                OnQuickLaunch="TRUE"
                TemplateType="100"
                Url="Lists/Genres"
                Description="List to store genres">
    <Data>
      <Rows>
        <Row>
          <Field Name="Title">Alternative</Field>
        </Row>
        <Row>
          <Field Name="Title">Blues</Field>
        </Row>
        <Row>
          <Field Name="Title">Country</Field>
        </Row>
        <Row>
          <Field Name="Title">Jazz</Field>
        </Row>
        <Row>
          <Field Name="Title">Pop</Field>
        </Row>
        <Row>
          <Field Name="Title">Rap</Field>
        </Row>
        <Row>
          <Field Name="Title">Rock</Field>
        </Row>
      </Rows>
    </Data>
  </ListInstance>
</Elements>
