﻿<?xml version="1.0" encoding="utf-8"?>
<Elements xmlns="http://schemas.microsoft.com/sharepoint/">
  <Module Name="Scripts">
    <File Path="Scripts\App.js" Url="Scripts/App.js" ReplaceContent="TRUE" />
    <File Path="Scripts\jquery-1.9.1.min.map" Url="Scripts/jquery-1.9.1.min.map" ReplaceContent="TRUE" />
    <File Path="Scripts\jquery-1.9.1.min.js" Url="Scripts/jquery-1.9.1.min.js" ReplaceContent="TRUE" />
    <File Path="Scripts\jquery-1.9.1.js" Url="Scripts/jquery-1.9.1.js" ReplaceContent="TRUE" />
    <File Path="Scripts\jquery-1.9.1.intellisense.js" Url="Scripts/jquery-1.9.1.intellisense.js" ReplaceContent="TRUE" />
    <File Path="Scripts\bootstrap.min.js" Url="Scripts/bootstrap.min.js" ReplaceContent="TRUE" />
    <File Path="Scripts\angular.min.js" Url="Scripts/angular.min.js" ReplaceContent="TRUE" />
    <File Path="Scripts\angular-route.js" Url="Scripts/angular-route.js" ReplaceContent="TRUE" />
    <File Path="Scripts\Controllers.js" Url="Scripts/Controllers.js" ReplaceContent="TRUE" />
  </Module>
</Elements>
