﻿<?xml version="1.0" encoding="utf-8"?>
<Feature xmlns="http://schemas.microsoft.com/sharepoint/" Id="f6e00bf8-26c0-48bb-a650-2a39dd3e8100" Scope="Web" Title="ArtistCatalog Feature2" Version="1.0.0.0">
  <ElementManifests>
    <ElementManifest Location="Genres\Elements.xml" />
    <ElementFile Location="Genres\Schema.xml" />
    <ElementManifest Location="GenresInstance\Elements.xml" />
    <ElementManifest Location="Fonts\Elements.xml" />
    <ElementFile Location="Fonts\glyphicons-halflings-regular.eot" />
  </ElementManifests>
  <UpgradeActions>
    <VersionRange>
      <ApplyElementManifests>
        <ElementManifest Location="Genres\Elements.xml" />
        <ElementManifest Location="GenresInstance\Elements.xml" />
        <ElementManifest Location="Fonts\Elements.xml" />
      </ApplyElementManifests>
    </VersionRange>
  </UpgradeActions>
</Feature>