﻿<?xml version="1.0" encoding="utf-8" ?>
<!--Created:cb85b80c-f585-40ff-8bfc-12ff4d0e34a9-->
<App xmlns="http://schemas.microsoft.com/sharepoint/2012/app/manifest"
     Name="ArtistCatalog"
     ProductID="{0cb2f210-7de5-4fac-8ebc-d7a1fc3a7e3d}"
     Version="1.0.0.0"
     SharePointMinVersion="16.0.0.0"
>
  <Properties>
    <Title>Artist Catalog</Title>
    <StartPage>~appWebUrl/Pages/Index.aspx?{StandardTokens}</StartPage>
  </Properties>

  <AppPrincipal>
    <Internal />
  </AppPrincipal>


</App>
