﻿<?xml version="1.0" encoding="utf-8"?>
<Feature xmlns="http://schemas.microsoft.com/sharepoint/" Description="SharePoint App Feature" Id="7c071c9a-4f56-4e07-8e4d-2bc99cbb41a9" Scope="Web" Title="ArtistCatalog Feature1" Version="1.0.0.0">
  <ElementManifests>
    <ElementManifest Location="Pages\Elements.xml" />
    <ElementFile Location="Pages\Index.aspx" />
    <ElementFile Location="Pages\views\directive-rating.html" />
    <ElementFile Location="Pages\views\view-list.html" />
    <ElementFile Location="Pages\views\view-detail.html" />
    <ElementManifest Location="Scripts\Elements.xml" />
    <ElementFile Location="Scripts\App.js" />
    <ElementFile Location="Scripts\jquery-1.9.1.min.map" />
    <ElementFile Location="Scripts\jquery-1.9.1.min.js" />
    <ElementFile Location="Scripts\jquery-1.9.1.js" />
    <ElementFile Location="Scripts\jquery-1.9.1.intellisense.js" />
    <ElementFile Location="Scripts\bootstrap.min.js" />
    <ElementFile Location="Scripts\angular.min.js" />
    <ElementFile Location="Scripts\angular-route.js" />
    <ElementFile Location="Scripts\Controllers.js" />
    <ElementManifest Location="Content\Elements.xml" />
    <ElementFile Location="Content\App.css" />
    <ElementFile Location="Content\bootstrap-theme.min.css" />
    <ElementFile Location="Content\bootstrap.css" />
    <ElementFile Location="Content\bootstrap.css.map" />
    <ElementFile Location="Content\bootstrap.min.css" />
    <ElementFile Location="Content\bootstrap-theme.css" />
    <ElementFile Location="Content\bootstrap-theme.css.map" />
    <ElementManifest Location="Images\Elements.xml" />
    <ElementFile Location="Images\AppIcon.png" />
    <ElementManifest Location="ArtistsInstance\Elements.xml" />
    <ElementManifest Location="Artists\Elements.xml" />
    <ElementFile Location="Artists\Schema.xml" />
  </ElementManifests>
  <UpgradeActions>
    <VersionRange>
      <ApplyElementManifests>
        <ElementManifest Location="Pages\Elements.xml" />
        <ElementManifest Location="Scripts\Elements.xml" />
        <ElementManifest Location="Content\Elements.xml" />
        <ElementManifest Location="Images\Elements.xml" />
        <ElementManifest Location="ArtistsInstance\Elements.xml" />
        <ElementManifest Location="Artists\Elements.xml" />
      </ApplyElementManifests>
    </VersionRange>
  </UpgradeActions>
</Feature>
